28722;..\..\pvol\35121_obfg_g.htm;..\..\pvol\27995_obfg_g.htm;..\..\rtat\27594_obfg_g.htm;..\..\ural\28445_obfg_g.htm;..\..\ural\28225_obfg_g.htm;;;;
27199;..\..\rtat\27594_obfg_g.htm;..\..\vvlg\27459_obfg_g.htm;..\..\sevr\23802_obfg_g.htm;..\..\ural\28225_obfg_g.htm;;;;;
27459;..\..\cao_\27612_obfg_g.htm;..\..\vvlg\27199_obfg_g.htm;..\..\pvol\27962_obfg_g.htm;..\..\rtat\27594_obfg_g.htm;..\..\sevr\27038_obfg_g.htm;..\..\cntr\27730_obfg_g.htm;;;
31168;..\..\kolm\31088_obfg_g.htm;..\..\dvos\31369_obfg_g.htm;..\..\dvos\31561_obfg_g.htm;..\..\yakt\31004_obfg_g.htm;..\..\yakt\24959_obfg_g.htm;..\..\yakt\30054_obfg_g.htm;;;
31300;..\..\dvos\31510_obfg_g.htm;..\..\zbkl\30673_obfg_g.htm;..\..\dvos\31538_obfg_g.htm;..\..\zbkl\30372_obfg_g.htm;..\..\yakt\31004_obfg_g.htm;..\..\yakt\30054_obfg_g.htm;;;
31369;..\..\dvos\31168_obfg_g.htm;..\..\sahl\32061_obfg_g.htm;..\..\sahl\32098_obfg_g.htm;..\..\dvos\31561_obfg_g.htm;..\..\dvos\31770_obfg_g.htm;;;;
31510;..\..\dvos\31538_obfg_g.htm;..\..\zbkl\30673_obfg_g.htm;..\..\dvos\31300_obfg_g.htm;..\..\dvos\31736_obfg_g.htm;..\..\dvos\31561_obfg_g.htm;;;;
31538;..\..\dvos\31510_obfg_g.htm;..\..\dvos\31561_obfg_g.htm;..\..\dvos\31736_obfg_g.htm;..\..\dvos\31300_obfg_g.htm;..\..\prim\31873_obfg_g.htm;..\..\prim\31977_obfg_g.htm;;;
31561;..\..\dvos\31770_obfg_g.htm;..\..\dvos\31538_obfg_g.htm;..\..\dvos\31736_obfg_g.htm;..\..\dvos\31369_obfg_g.htm;..\..\sahl\32061_obfg_g.htm;..\..\dvos\31168_obfg_g.htm;..\..\dvos\31510_obfg_g.htm;..\..\sahl\32098_obfg_g.htm;..\..\sahl\32150_obfg_g.htm
31736;..\..\prim\31873_obfg_g.htm;..\..\dvos\31538_obfg_g.htm;..\..\dvos\31561_obfg_g.htm;..\..\dvos\31770_obfg_g.htm;..\..\dvos\31510_obfg_g.htm;..\..\prim\31977_obfg_g.htm;..\..\sahl\32150_obfg_g.htm;;
31770;..\..\dvos\31561_obfg_g.htm;..\..\sahl\32061_obfg_g.htm;..\..\sahl\32098_obfg_g.htm;..\..\sahl\32150_obfg_g.htm;..\..\dvos\31736_obfg_g.htm;..\..\dvos\31369_obfg_g.htm;;;
30372;..\..\yakt\30054_obfg_g.htm;..\..\yakt\24944_obfg_g.htm;..\..\yakt\31004_obfg_g.htm;..\..\zbkl\30554_obfg_g.htm;..\..\zbkl\30673_obfg_g.htm;..\..\dvos\31300_obfg_g.htm;;;
30554;..\..\zbkl\30635_obfg_g.htm;..\..\zbkl\30758_obfg_g.htm;..\..\zbkl\30372_obfg_g.htm;..\..\zbkl\30673_obfg_g.htm;..\..\zbkl\30935_obfg_g.htm;..\..\zbkl\30965_obfg_g.htm;..\..\irkt\30230_obfg_g.htm;;
30635;..\..\zbkl\30935_obfg_g.htm;..\..\irkt\30715_obfg_g.htm;..\..\zbkl\30758_obfg_g.htm;..\..\zbkl\30554_obfg_g.htm;..\..\zbkl\30965_obfg_g.htm;..\..\irkt\30230_obfg_g.htm;;;
30673;..\..\zbkl\30372_obfg_g.htm;..\..\dvos\31300_obfg_g.htm;..\..\zbkl\30554_obfg_g.htm;..\..\zbkl\30965_obfg_g.htm;..\..\zbkl\30758_obfg_g.htm;..\..\dvos\31510_obfg_g.htm;;;
30758;..\..\zbkl\30554_obfg_g.htm;..\..\zbkl\30635_obfg_g.htm;..\..\zbkl\30673_obfg_g.htm;..\..\zbkl\30965_obfg_g.htm;..\..\zbkl\30935_obfg_g.htm;;;;
30935;..\..\irkt\30715_obfg_g.htm;..\..\zbkl\30635_obfg_g.htm;..\..\zbkl\30758_obfg_g.htm;..\..\zbkl\30554_obfg_g.htm;..\..\zbkl\30965_obfg_g.htm;;;;
30965;..\..\zbkl\30758_obfg_g.htm;..\..\zbkl\30673_obfg_g.htm;..\..\zbkl\30554_obfg_g.htm;..\..\zbkl\30635_obfg_g.htm;..\..\zbkl\30935_obfg_g.htm;;;;
23955;..\..\zsib\29231_obfg_g.htm;..\..\oirt\23933_obfg_g.htm;..\..\oirt\28275_obfg_g.htm;..\..\ssib\23884_obfg_g.htm;..\..\ssib\23472_obfg_g.htm;..\..\zsib\29612_obfg_g.htm;;;
29231;..\..\zsib\29612_obfg_g.htm;..\..\zsib\29634_obfg_g.htm;..\..\zsib\23955_obfg_g.htm;..\..\zsib\29839_obfg_g.htm;..\..\ssib\23884_obfg_g.htm;;;;
29612;..\..\zsib\29634_obfg_g.htm;..\..\zsib\29231_obfg_g.htm;..\..\zsib\29839_obfg_g.htm;..\..\oirt\28698_obfg_g.htm;..\..\zsib\23955_obfg_g.htm;;;;
29634;..\..\zsib\29839_obfg_g.htm;..\..\zsib\29612_obfg_g.htm;..\..\zsib\29231_obfg_g.htm;..\..\ssib\29862_obfg_g.htm;;;;;
29839;..\..\zsib\29634_obfg_g.htm;..\..\zsib\29612_obfg_g.htm;..\..\ssib\29862_obfg_g.htm;..\..\zsib\29231_obfg_g.htm;;;;;
29698;..\..\irkt\30309_obfg_g.htm;..\..\ssib\29282_obfg_g.htm;..\..\irkt\30715_obfg_g.htm;..\..\ssib\29572_obfg_g.htm;..\..\ssib\36096_obfg_g.htm;;;;
30230;..\..\yakt\30054_obfg_g.htm;..\..\zbkl\30554_obfg_g.htm;..\..\ssib\24908_obfg_g.htm;..\..\irkt\30309_obfg_g.htm;..\..\zbkl\30635_obfg_g.htm;;;;
30309;..\..\irkt\29698_obfg_g.htm;..\..\ssib\29282_obfg_g.htm;..\..\irkt\30230_obfg_g.htm;..\..\irkt\30715_obfg_g.htm;;;;;
30715;..\..\zbkl\30635_obfg_g.htm;..\..\zbkl\30935_obfg_g.htm;..\..\irkt\29698_obfg_g.htm;..\..\irkt\30309_obfg_g.htm;..\..\ssib\36096_obfg_g.htm;;;;
32389;..\..\kamc\32618_obfg_g.htm;..\..\kamc\32540_obfg_g.htm;..\..\kamc\32477_obfg_g.htm;..\..\kolm\25913_obfg_g.htm;..\..\sahl\32215_obfg_g.htm;;;;
32477;..\..\kamc\32389_obfg_g.htm;..\..\kamc\32540_obfg_g.htm;..\..\sahl\32215_obfg_g.htm;..\..\kolm\25913_obfg_g.htm;;;;;
32540;..\..\kamc\32618_obfg_g.htm;..\..\kamc\32389_obfg_g.htm;..\..\kamc\32477_obfg_g.htm;..\..\sahl\32215_obfg_g.htm;;;;;
32618;..\..\kamc\32389_obfg_g.htm;..\..\kamc\32540_obfg_g.htm;;;;;;;
25703;..\..\yakt\25400_obfg_g.htm;..\..\kolm\25913_obfg_g.htm;..\..\yakt\24688_obfg_g.htm;..\..\chuk\25428_obfg_g.htm;..\..\kolm\31088_obfg_g.htm;;;;
25913;..\..\kolm\25703_obfg_g.htm;..\..\yakt\24688_obfg_g.htm;..\..\kolm\31088_obfg_g.htm;..\..\kamc\32477_obfg_g.htm;..\..\kamc\32389_obfg_g.htm;;;;
31088;..\..\dvos\31168_obfg_g.htm;..\..\yakt\24688_obfg_g.htm;..\..\kolm\25913_obfg_g.htm;..\..\kolm\25703_obfg_g.htm;;;;;
22113;..\..\murm\22217_obfg_g.htm;..\..\sevr\22271_obfg_g.htm;;;;;;;
22217;..\..\murm\22113_obfg_g.htm;..\..\szap\22522_obfg_g.htm;..\..\sevr\22543_obfg_g.htm;..\..\sevr\22271_obfg_g.htm;;;;;
23330;..\..\sevr\23205_obfg_g.htm;..\..\sevr\23415_obfg_g.htm;..\..\oirt\23933_obfg_g.htm;..\..\sevr\20674_obfg_g.htm;..\..\sevr\20744_obfg_g.htm;..\..\ssib\23078_obfg_g.htm;..\..\ssib\23472_obfg_g.htm;;
23933;..\..\oirt\28275_obfg_g.htm;..\..\ural\23921_obfg_g.htm;..\..\zsib\23955_obfg_g.htm;..\..\oirt\23330_obfg_g.htm;;;;;
28275;..\..\ural\28661_obfg_g.htm;..\..\oirt\23933_obfg_g.htm;..\..\zsib\23955_obfg_g.htm;..\..\oirt\28698_obfg_g.htm;..\..\ural\23921_obfg_g.htm;..\..\ural\28445_obfg_g.htm;;;
28698;..\..\zsib\29612_obfg_g.htm;..\..\ural\28661_obfg_g.htm;..\..\oirt\28275_obfg_g.htm;;;;;;
27962;..\..\pvol\27995_obfg_g.htm;..\..\pvol\34172_obfg_g.htm;..\..\vvlg\27459_obfg_g.htm;..\..\rtat\27594_obfg_g.htm;..\..\cher\34122_obfg_g.htm;..\..\cher\34247_obfg_g.htm;;;
27995;..\..\rtat\27594_obfg_g.htm;..\..\pvol\27962_obfg_g.htm;..\..\pvol\34172_obfg_g.htm;..\..\bash\28722_obfg_g.htm;..\..\pvol\35121_obfg_g.htm;;;;
34172;..\..\pvol\27962_obfg_g.htm;..\..\cher\34247_obfg_g.htm;..\..\pvol\27995_obfg_g.htm;..\..\skav\34467_obfg_g.htm;;;;;
35121;..\..\bash\28722_obfg_g.htm;..\..\pvol\27995_obfg_g.htm;;;;;;;
31873;..\..\prim\31977_obfg_g.htm;..\..\dvos\31736_obfg_g.htm;..\..\dvos\31538_obfg_g.htm;;;;;;
31977;..\..\prim\31873_obfg_g.htm;..\..\dvos\31736_obfg_g.htm;..\..\dvos\31538_obfg_g.htm;;;;;;
32061;..\..\sahl\32098_obfg_g.htm;..\..\dvos\31369_obfg_g.htm;..\..\dvos\31770_obfg_g.htm;..\..\dvos\31561_obfg_g.htm;..\..\sahl\32150_obfg_g.htm;;;;
32098;..\..\dvos\31770_obfg_g.htm;..\..\sahl\32061_obfg_g.htm;..\..\sahl\32150_obfg_g.htm;..\..\dvos\31561_obfg_g.htm;..\..\dvos\31369_obfg_g.htm;;;;
32150;..\..\dvos\31770_obfg_g.htm;..\..\sahl\32098_obfg_g.htm;..\..\sahl\32061_obfg_g.htm;..\..\dvos\31736_obfg_g.htm;..\..\dvos\31561_obfg_g.htm;;;;
32215;..\..\kamc\32540_obfg_g.htm;..\..\kamc\32477_obfg_g.htm;..\..\kamc\32389_obfg_g.htm;;;;;;
20046;..\..\sevr\20744_obfg_g.htm;..\..\sevr\20674_obfg_g.htm;..\..\sevr\20292_obfg_g.htm;;;;;;
20292;..\..\sevr\20674_obfg_g.htm;..\..\sevr\20046_obfg_g.htm;..\..\yakt\21824_obfg_g.htm;..\..\yakt\21432_obfg_g.htm;;;;;
20674;..\..\ssib\23078_obfg_g.htm;..\..\sevr\20292_obfg_g.htm;..\..\sevr\20744_obfg_g.htm;..\..\sevr\20046_obfg_g.htm;..\..\oirt\23330_obfg_g.htm;;;;
20744;..\..\sevr\23205_obfg_g.htm;..\..\sevr\22271_obfg_g.htm;..\..\oirt\23330_obfg_g.htm;..\..\sevr\20046_obfg_g.htm;..\..\sevr\20674_obfg_g.htm;;;;
22271;..\..\sevr\22543_obfg_g.htm;..\..\sevr\23205_obfg_g.htm;..\..\murm\22113_obfg_g.htm;..\..\murm\22217_obfg_g.htm;;;;;
22543;..\..\szap\22522_obfg_g.htm;..\..\szap\22820_obfg_g.htm;..\..\sevr\22845_obfg_g.htm;..\..\sevr\22271_obfg_g.htm;..\..\murm\22217_obfg_g.htm;;;;
22845;..\..\szap\22820_obfg_g.htm;..\..\sevr\22543_obfg_g.htm;..\..\sevr\27038_obfg_g.htm;..\..\szap\22522_obfg_g.htm;;;;;
23205;..\..\sevr\22271_obfg_g.htm;..\..\sevr\20744_obfg_g.htm;..\..\sevr\23415_obfg_g.htm;..\..\oirt\23330_obfg_g.htm;;;;;
23415;..\..\sevr\23205_obfg_g.htm;..\..\oirt\23330_obfg_g.htm;..\..\sevr\23802_obfg_g.htm;..\..\ural\23921_obfg_g.htm;;;;;
23802;..\..\vvlg\27199_obfg_g.htm;..\..\ural\28225_obfg_g.htm;..\..\ural\23921_obfg_g.htm;..\..\sevr\23415_obfg_g.htm;;;;;
27038;..\..\sevr\22845_obfg_g.htm;..\..\cao_\27612_obfg_g.htm;..\..\cntr\26298_obfg_g.htm;..\..\szap\22820_obfg_g.htm;..\..\vvlg\27459_obfg_g.htm;;;;
22522;..\..\murm\22217_obfg_g.htm;..\..\sevr\22543_obfg_g.htm;..\..\sevr\22845_obfg_g.htm;..\..\szap\22820_obfg_g.htm;;;;;
22820;..\..\szap\26063_obfg_g.htm;..\..\cntr\26298_obfg_g.htm;..\..\sevr\27038_obfg_g.htm;..\..\sevr\22845_obfg_g.htm;..\..\szap\22522_obfg_g.htm;..\..\sevr\22543_obfg_g.htm;;;
26063;..\..\szap\26477_obfg_g.htm;..\..\cntr\26298_obfg_g.htm;..\..\szap\22820_obfg_g.htm;..\..\szap\26702_obfg_g.htm;;;;;
26477;..\..\cntr\26781_obfg_g.htm;..\..\cntr\26298_obfg_g.htm;..\..\szap\26063_obfg_g.htm;..\..\szap\26702_obfg_g.htm;;;;;
26702;..\..\cntr\26781_obfg_g.htm;..\..\szap\26477_obfg_g.htm;..\..\szap\26063_obfg_g.htm;;;;;;
34467;..\..\pvol\34172_obfg_g.htm;..\..\cher\34247_obfg_g.htm;..\..\skav\34731_obfg_g.htm;..\..\skav\34858_obfg_g.htm;..\..\skav\34882_obfg_g.htm;;;;
34731;..\..\cher\34247_obfg_g.htm;..\..\skav\34467_obfg_g.htm;..\..\skav\34858_obfg_g.htm;..\..\skav\37055_obfg_g.htm;..\..\skav\37011_obfg_g.htm;..\..\crim\33966_obfg_g.htm;;;
34858;..\..\skav\34467_obfg_g.htm;..\..\skav\34731_obfg_g.htm;..\..\skav\37011_obfg_g.htm;..\..\skav\37055_obfg_g.htm;..\..\skav\34882_obfg_g.htm;..\..\skav\37259_obfg_g.htm;;;
34882;..\..\skav\37259_obfg_g.htm;..\..\skav\37055_obfg_g.htm;..\..\skav\34858_obfg_g.htm;..\..\skav\34467_obfg_g.htm;;;;;
37011;..\..\skav\34731_obfg_g.htm;..\..\skav\34858_obfg_g.htm;..\..\skav\37055_obfg_g.htm;..\..\crim\33966_obfg_g.htm;;;;;
37055;..\..\skav\37011_obfg_g.htm;..\..\skav\34858_obfg_g.htm;..\..\skav\37259_obfg_g.htm;..\..\skav\34731_obfg_g.htm;..\..\skav\34882_obfg_g.htm;..\..\crim\33966_obfg_g.htm;;;
37259;..\..\skav\34882_obfg_g.htm;..\..\skav\37055_obfg_g.htm;..\..\skav\34858_obfg_g.htm;;;;;;
23078;..\..\sevr\20674_obfg_g.htm;..\..\ssib\23472_obfg_g.htm;..\..\oirt\23330_obfg_g.htm;;;;;;
23472;..\..\ssib\23078_obfg_g.htm;..\..\ssib\24507_obfg_g.htm;..\..\ssib\23884_obfg_g.htm;..\..\zsib\23955_obfg_g.htm;..\..\oirt\23330_obfg_g.htm;;;;
23884;..\..\ssib\23472_obfg_g.htm;..\..\ssib\24507_obfg_g.htm;..\..\ssib\29263_obfg_g.htm;..\..\zsib\29231_obfg_g.htm;..\..\zsib\23955_obfg_g.htm;;;;
24507;..\..\ssib\24908_obfg_g.htm;..\..\ssib\23884_obfg_g.htm;..\..\ssib\23472_obfg_g.htm;..\..\ssib\29282_obfg_g.htm;..\..\yakt\24125_obfg_g.htm;;;;
24908;..\..\ssib\29282_obfg_g.htm;..\..\irkt\30230_obfg_g.htm;..\..\ssib\24507_obfg_g.htm;..\..\yakt\30054_obfg_g.htm;;;;;
29263;..\..\ssib\29282_obfg_g.htm;..\..\ssib\23884_obfg_g.htm;..\..\ssib\29572_obfg_g.htm;;;;;;
29282;..\..\ssib\24908_obfg_g.htm;..\..\ssib\29263_obfg_g.htm;..\..\ssib\29572_obfg_g.htm;..\..\irkt\30309_obfg_g.htm;..\..\irkt\29698_obfg_g.htm;..\..\ssib\24507_obfg_g.htm;;;
29572;..\..\irkt\29698_obfg_g.htm;..\..\ssib\29862_obfg_g.htm;..\..\ssib\29282_obfg_g.htm;..\..\ssib\29263_obfg_g.htm;..\..\ssib\36096_obfg_g.htm;;;;
29862;..\..\ssib\29572_obfg_g.htm;..\..\ssib\36096_obfg_g.htm;..\..\zsib\29634_obfg_g.htm;..\..\zsib\29839_obfg_g.htm;;;;;
36096;..\..\ssib\29862_obfg_g.htm;..\..\irkt\29698_obfg_g.htm;..\..\ssib\29572_obfg_g.htm;..\..\irkt\30715_obfg_g.htm;;;;;
27594;..\..\pvol\27995_obfg_g.htm;..\..\vvlg\27199_obfg_g.htm;..\..\vvlg\27459_obfg_g.htm;..\..\pvol\27962_obfg_g.htm;..\..\bash\28722_obfg_g.htm;..\..\ural\28225_obfg_g.htm;;;
23921;..\..\oirt\23933_obfg_g.htm;..\..\oirt\28275_obfg_g.htm;..\..\ural\28445_obfg_g.htm;..\..\ural\28225_obfg_g.htm;..\..\sevr\23802_obfg_g.htm;;;;
28225;..\..\ural\23921_obfg_g.htm;..\..\bash\28722_obfg_g.htm;..\..\ural\28445_obfg_g.htm;..\..\rtat\27594_obfg_g.htm;..\..\vvlg\27199_obfg_g.htm;..\..\sevr\23802_obfg_g.htm;;;
28445;..\..\ural\23921_obfg_g.htm;..\..\oirt\28275_obfg_g.htm;..\..\ural\28661_obfg_g.htm;..\..\bash\28722_obfg_g.htm;..\..\ural\28225_obfg_g.htm;;;;
28661;..\..\oirt\28275_obfg_g.htm;..\..\ural\28445_obfg_g.htm;..\..\oirt\28698_obfg_g.htm;;;;;;
27612;..\..\cntr\26298_obfg_g.htm;..\..\cntr\27707_obfg_g.htm;..\..\cntr\27730_obfg_g.htm;..\..\vvlg\27459_obfg_g.htm;..\..\sevr\27038_obfg_g.htm;..\..\cntr\26781_obfg_g.htm;;;
27714;..\..\cntr\26298_obfg_g.htm;..\..\cntr\27707_obfg_g.htm;..\..\cntr\27730_obfg_g.htm;..\..\vvlg\27459_obfg_g.htm;..\..\sevr\27038_obfg_g.htm;..\..\cntr\26781_obfg_g.htm;;;
26298;..\..\cao_\27612_obfg_g.htm;..\..\sevr\27038_obfg_g.htm;..\..\szap\26063_obfg_g.htm;..\..\szap\26477_obfg_g.htm;..\..\cntr\26781_obfg_g.htm;..\..\szap\22820_obfg_g.htm;;;
27730;..\..\cao_\27612_obfg_g.htm;..\..\vvlg\27459_obfg_g.htm;..\..\cntr\27707_obfg_g.htm;..\..\cher\34009_obfg_g.htm;..\..\cher\34122_obfg_g.htm;;;;
26781;..\..\szap\26477_obfg_g.htm;..\..\cntr\27707_obfg_g.htm;..\..\cao_\27612_obfg_g.htm;..\..\cntr\26298_obfg_g.htm;..\..\szap\26702_obfg_g.htm;;;;
27707;..\..\cntr\26781_obfg_g.htm;..\..\cao_\27612_obfg_g.htm;..\..\cntr\27730_obfg_g.htm;..\..\cher\34122_obfg_g.htm;..\..\cher\34009_obfg_g.htm;;;;
34009;..\..\cntr\27707_obfg_g.htm;..\..\cher\34122_obfg_g.htm;..\..\cntr\27730_obfg_g.htm;..\..\cher\34247_obfg_g.htm;;;;;
34122;..\..\cher\34247_obfg_g.htm;..\..\cher\34009_obfg_g.htm;..\..\cntr\27730_obfg_g.htm;..\..\cntr\27707_obfg_g.htm;..\..\pvol\27962_obfg_g.htm;;;;
34247;..\..\cher\34122_obfg_g.htm;..\..\pvol\27962_obfg_g.htm;..\..\pvol\34172_obfg_g.htm;..\..\skav\34467_obfg_g.htm;..\..\skav\34731_obfg_g.htm;..\..\cher\34009_obfg_g.htm;;;
25042;..\..\yakt\25123_obfg_g.htm;..\..\chuk\25428_obfg_g.htm;..\..\yakt\21946_obfg_g.htm;..\..\yakt\25400_obfg_g.htm;;;;;
25428;..\..\yakt\25123_obfg_g.htm;..\..\yakt\25400_obfg_g.htm;..\..\kolm\25703_obfg_g.htm;..\..\chuk\25042_obfg_g.htm;;;;;
21432;..\..\yakt\21824_obfg_g.htm;..\..\yakt\21946_obfg_g.htm;..\..\sevr\20292_obfg_g.htm;;;;;;
21824;..\..\yakt\21432_obfg_g.htm;..\..\yakt\21946_obfg_g.htm;..\..\yakt\24266_obfg_g.htm;..\..\yakt\24343_obfg_g.htm;..\..\yakt\24125_obfg_g.htm;..\..\sevr\20292_obfg_g.htm;;;
21946;..\..\yakt\25123_obfg_g.htm;..\..\yakt\25400_obfg_g.htm;..\..\yakt\21824_obfg_g.htm;..\..\yakt\24266_obfg_g.htm;..\..\yakt\21432_obfg_g.htm;..\..\chuk\25042_obfg_g.htm;;;
24125;..\..\yakt\24343_obfg_g.htm;..\..\yakt\21824_obfg_g.htm;..\..\ssib\24507_obfg_g.htm;..\..\yakt\24726_obfg_g.htm;;;;;
24266;..\..\yakt\21824_obfg_g.htm;..\..\yakt\24343_obfg_g.htm;..\..\yakt\24959_obfg_g.htm;..\..\yakt\24688_obfg_g.htm;..\..\yakt\21946_obfg_g.htm;;;;
24343;..\..\yakt\24641_obfg_g.htm;..\..\yakt\24125_obfg_g.htm;..\..\yakt\24266_obfg_g.htm;..\..\yakt\24959_obfg_g.htm;..\..\yakt\21824_obfg_g.htm;;;;
24641;..\..\yakt\24726_obfg_g.htm;..\..\yakt\24343_obfg_g.htm;..\..\yakt\24944_obfg_g.htm;..\..\yakt\24959_obfg_g.htm;;;;;
24688;..\..\kolm\31088_obfg_g.htm;..\..\kolm\25703_obfg_g.htm;..\..\kolm\25913_obfg_g.htm;..\..\yakt\25400_obfg_g.htm;..\..\yakt\24266_obfg_g.htm;;;;
24726;..\..\yakt\30054_obfg_g.htm;..\..\yakt\24944_obfg_g.htm;..\..\yakt\24641_obfg_g.htm;..\..\yakt\24125_obfg_g.htm;;;;;
24944;..\..\yakt\24641_obfg_g.htm;..\..\yakt\30054_obfg_g.htm;..\..\yakt\24726_obfg_g.htm;..\..\zbkl\30372_obfg_g.htm;..\..\yakt\31004_obfg_g.htm;..\..\yakt\24959_obfg_g.htm;;;
24959;..\..\yakt\31004_obfg_g.htm;..\..\yakt\24641_obfg_g.htm;..\..\yakt\24944_obfg_g.htm;..\..\yakt\24343_obfg_g.htm;..\..\yakt\24266_obfg_g.htm;..\..\dvos\31168_obfg_g.htm;;;
25123;..\..\chuk\25042_obfg_g.htm;..\..\chuk\25428_obfg_g.htm;..\..\yakt\25400_obfg_g.htm;..\..\yakt\21946_obfg_g.htm;;;;;
25400;..\..\yakt\21946_obfg_g.htm;..\..\yakt\25123_obfg_g.htm;..\..\chuk\25428_obfg_g.htm;..\..\kolm\25703_obfg_g.htm;..\..\yakt\24688_obfg_g.htm;..\..\chuk\25042_obfg_g.htm;;;
30054;..\..\yakt\24726_obfg_g.htm;..\..\yakt\24944_obfg_g.htm;..\..\zbkl\30372_obfg_g.htm;..\..\irkt\30230_obfg_g.htm;..\..\ssib\24908_obfg_g.htm;;;;
31004;..\..\yakt\24959_obfg_g.htm;..\..\yakt\24944_obfg_g.htm;..\..\zbkl\30372_obfg_g.htm;..\..\dvos\31300_obfg_g.htm;..\..\dvos\31168_obfg_g.htm;;;;
33966;..\..\skav\37011_obfg_g.htm;..\..\skav\34731_obfg_g.htm;..\..\skav\37055_obfg_g.htm;;;;;;
33008;;;;;;;;;
33041;;;;;;;;;
